{"root":[{"assemblyName":"Unity.InputSystem","nameSpace":"UnityEngine.InputSystem","className":"InputSystem","methodName":"RunInitializeInPlayer","loadTypes":1,"isUnityClass":true},{"assemblyName":"com.unity.multiplayer-hlapi.Runtime","nameSpace":"UnityEngine.Networking","className":"NetworkIdentity","methodName":"OnRuntimeInitializeOnLoad","loadTypes":0,"isUnityClass":true},{"assemblyName":"UnityEngine.Purchasing.Codeless","nameSpace":"UnityEngine.Purchasing","className":"CodelessIAPStoreListener","methodName":"InitializeCodelessPurchasingOnLoad","loadTypes":0,"isUnityClass":true}]}
